"provider","resource","descr","version","url"
"OECD","SNA_TABLE11","11. Government expenditure by function (COFOG)",NA,"https://stats.oecd.org/restsdmx/sdmx.ashx/GetData/SNA_TABLE11/all?"
"OECD","SNA_TABLE10","10. Taxes and social contributions receipts",NA,"https://stats.oecd.org/restsdmx/sdmx.ashx/GetData/SNA_TABLE10/all?"
"OECD","MW_CURP","Minimum wages at current prices in NCU",NA,"https://stats.oecd.org/restsdmx/sdmx.ashx/GetData/MW_CURP/all?"
"OECD","SOCX_AGG","Social Expenditure - Aggregated data",NA,"https://stats.oecd.org/restsdmx/sdmx.ashx/GetData/SOCX_AGG/all?"
"OECD","MEM4","Social security contributions and payroll taxes paid by government",NA,"https://stats.oecd.org/restsdmx/sdmx.ashx/GetData/MEM4/all?"
"OECD","RDTAX","R&D tax expenditure and direct government funding of BERD",NA,"https://stats.oecd.org/restsdmx/sdmx.ashx/GetData/RDTAX/all?"
"OECD","METR","Effective tax rate on increasing working hours",NA,"https://stats.oecd.org/restsdmx/sdmx.ashx/GetData/METR/all?"
"OECD","REGION_DEMOGR","Regional Demography",NA,"https://stats.oecd.org/restsdmx/sdmx.ashx/GetData/REGION_DEMOGR/all?"
"OECD","SOCX_REF","Social Expenditure - Reference series",NA,"https://stats.oecd.org/restsdmx/sdmx.ashx/GetData/SOCX_REF/all?"
"OECD","GID2","Gender, Institutions and Development Database 2009 (GID-DB)",NA,"https://stats.oecd.org/restsdmx/sdmx.ashx/GetData/GID2/all?"
"OECD","BLI","Better Life Index",NA,"https://stats.oecd.org/restsdmx/sdmx.ashx/GetData/BLI/all?"
"OECD","SOCR","SOCR - Detailed data",NA,"https://stats.oecd.org/restsdmx/sdmx.ashx/GetData/SOCR/all?"
"OECD","GIDDB2012","Gender, Institutions and Development Database 2012 (GID-DB)",NA,"https://stats.oecd.org/restsdmx/sdmx.ashx/GetData/GIDDB2012/all?"
"OECD","HOURSPOV","Hours of work needed to escape poverty for workless families",NA,"https://stats.oecd.org/restsdmx/sdmx.ashx/GetData/HOURSPOV/all?"
"OECD","PAG","Pensions at a Glance",NA,"https://stats.oecd.org/restsdmx/sdmx.ashx/GetData/PAG/all?"
"OECD","REGION_ECONOM","Regional Economy",NA,"https://stats.oecd.org/restsdmx/sdmx.ashx/GetData/REGION_ECONOM/all?"
"OECD","GIDDB2014","Gender, Institutions and Development Database 2014 (GID-DB)",NA,"https://stats.oecd.org/restsdmx/sdmx.ashx/GetData/GIDDB2014/all?"
"OECD","EPER","Environmental protection expenditure and revenues ",NA,"https://stats.oecd.org/restsdmx/sdmx.ashx/GetData/EPER/all?"
"OECD","IDD","Income Distribution Database",NA,"https://stats.oecd.org/restsdmx/sdmx.ashx/GetData/IDD/all?"
"OECD","CWB","Children Well Being",NA,"https://stats.oecd.org/restsdmx/sdmx.ashx/GetData/CWB/all?"
"OECD","TIME_USE","Time Use",NA,"https://stats.oecd.org/restsdmx/sdmx.ashx/GetData/TIME_USE/all?"
"OECD","REGION_MIGRANTS","Database on Migrants in OECD Regions",NA,"https://stats.oecd.org/restsdmx/sdmx.ashx/GetData/REGION_MIGRANTS/all?"
"OECD","GENDER_ENT1","Entrepreneurship",NA,"https://stats.oecd.org/restsdmx/sdmx.ashx/GetData/GENDER_ENT1/all?"
"OECD","GENDER_EMP","Employment",NA,"https://stats.oecd.org/restsdmx/sdmx.ashx/GetData/GENDER_EMP/all?"
"OECD","GIDDB2019","Gender, Institutions and Development Database (GID-DB) 2019",NA,"https://stats.oecd.org/restsdmx/sdmx.ashx/GetData/GIDDB2019/all?"
"OECD","RWB","Regional Well-Being",NA,"https://stats.oecd.org/restsdmx/sdmx.ashx/GetData/RWB/all?"
"OECD","SIGI2014","Social Institutions and Gender Index 2014 (SIGI)",NA,"https://stats.oecd.org/restsdmx/sdmx.ashx/GetData/SIGI2014/all?"
"OECD","FAMILY","Family Database",NA,"https://stats.oecd.org/restsdmx/sdmx.ashx/GetData/FAMILY/all?"
"OECD","IA","Adequacy of Guaranteed Minimum Income benefits",NA,"https://stats.oecd.org/restsdmx/sdmx.ashx/GetData/IA/all?"
"OECD","REGION_LABOUR","Regional Labour",NA,"https://stats.oecd.org/restsdmx/sdmx.ashx/GetData/REGION_LABOUR/all?"
"OECD","REGION_SOCIAL","Regional Social and Environmental indicators",NA,"https://stats.oecd.org/restsdmx/sdmx.ashx/GetData/REGION_SOCIAL/all?"
"OECD","REGION_INNOVATION","Regional Innovation",NA,"https://stats.oecd.org/restsdmx/sdmx.ashx/GetData/REGION_INNOVATION/all?"
"OECD","SOCX_DET","Social Expenditure - Detailed data",NA,"https://stats.oecd.org/restsdmx/sdmx.ashx/GetData/SOCX_DET/all?"
"OECD","WEALTH","Wealth",NA,"https://stats.oecd.org/restsdmx/sdmx.ashx/GetData/WEALTH/all?"
"OECD","SOCR_REF","SOCR - Reference series",NA,"https://stats.oecd.org/restsdmx/sdmx.ashx/GetData/SOCR_REF/all?"
"OECD","REG_BUSI_DEMOG","Regional Business Demography",NA,"https://stats.oecd.org/restsdmx/sdmx.ashx/GetData/REG_BUSI_DEMOG/all?"
"OECD","GBARD_NABS2007","Government budget allocations for R&D",NA,"https://stats.oecd.org/restsdmx/sdmx.ashx/GetData/GBARD_NABS2007/all?"
"OECD","SBE","Strictness of activation requirements",NA,"https://stats.oecd.org/restsdmx/sdmx.ashx/GetData/SBE/all?"
"OECD","NRR","Net replacement rate in unemployment",NA,"https://stats.oecd.org/restsdmx/sdmx.ashx/GetData/NRR/all?"
"OECD","HGRR","Historical Gross Replacement Rates",NA,"https://stats.oecd.org/restsdmx/sdmx.ashx/GetData/HGRR/all?"
"OECD","SIGI2019","Social Institutions and Gender Index 2019",NA,"https://stats.oecd.org/restsdmx/sdmx.ashx/GetData/SIGI2019/all?"
"OECD","REGION_EDUCAT","Regional Education",NA,"https://stats.oecd.org/restsdmx/sdmx.ashx/GetData/REGION_EDUCAT/all?"
"OECD","NCC","Net childcare costs for parents using childcare facilities",NA,"https://stats.oecd.org/restsdmx/sdmx.ashx/GetData/NCC/all?"
"OECD","IMW","Incomes of minimum wage earners",NA,"https://stats.oecd.org/restsdmx/sdmx.ashx/GetData/IMW/all?"
"OECD","REGION_ST","Short-term regional statistics",NA,"https://stats.oecd.org/restsdmx/sdmx.ashx/GetData/REGION_ST/all?"
"OECD","GIDDB2023","Gender, Institutions and Development Database (GID-DB) 2023",NA,"https://stats.oecd.org/restsdmx/sdmx.ashx/GetData/GIDDB2023/all?"
"OECD","SIGI2023","Social Institutions and Gender Index 2023",NA,"https://stats.oecd.org/restsdmx/sdmx.ashx/GetData/SIGI2023/all?"
"ESTAT","MED_PS12","Demographic indicators",1,"https://ec.europa.eu/eurostat/api/dissemination/sdmx/2.1/data/MED_PS12"
"ESTAT","MET_10R_3GDP","Gross domestic product (GDP) at current market prices by metropolitan regions",1,"https://ec.europa.eu/eurostat/api/dissemination/sdmx/2.1/data/MET_10R_3GDP"
"ESTAT","HLTH_SHA11_FS","Revenues of health care financing schemes",1,"https://ec.europa.eu/eurostat/api/dissemination/sdmx/2.1/data/HLTH_SHA11_FS"
"ESTAT","HLTH_SHA11_HC","Health care expenditure by function",1,"https://ec.europa.eu/eurostat/api/dissemination/sdmx/2.1/data/HLTH_SHA11_HC"
"ESTAT","HLTH_SHA11_HCHF","Expenditure for selected health care functions by health care financing schemes",1,"https://ec.europa.eu/eurostat/api/dissemination/sdmx/2.1/data/HLTH_SHA11_HCHF"
"ESTAT","HLTH_SHA11_HCHP","Expenditure for selected health care functions by health care providers",1,"https://ec.europa.eu/eurostat/api/dissemination/sdmx/2.1/data/HLTH_SHA11_HCHP"
"ESTAT","HLTH_SHA11_HF","Health care expenditure by financing scheme",1,"https://ec.europa.eu/eurostat/api/dissemination/sdmx/2.1/data/HLTH_SHA11_HF"
"ESTAT","HLTH_SHA11_HFFS","Revenues of health care financing schemes by health care financing schemes",1,"https://ec.europa.eu/eurostat/api/dissemination/sdmx/2.1/data/HLTH_SHA11_HFFS"
"ESTAT","HLTH_SHA11_HP","Health care expenditure by provider",1,"https://ec.europa.eu/eurostat/api/dissemination/sdmx/2.1/data/HLTH_SHA11_HP"
"ESTAT","HLTH_SHA11_HPHF","Expenditure for selected health care providers by health care financing schemes",1,"https://ec.europa.eu/eurostat/api/dissemination/sdmx/2.1/data/HLTH_SHA11_HPHF"
"ESTAT","MIGR_ACQ1CTZ","Acquisition of citizenship by age group, sex and level of human development of former citizenship",1,"https://ec.europa.eu/eurostat/api/dissemination/sdmx/2.1/data/MIGR_ACQ1CTZ"
"ESTAT","MIGR_ACQS","Residents who acquired citizenship as a share of resident non-citizens by former citizenship and sex",1,"https://ec.europa.eu/eurostat/api/dissemination/sdmx/2.1/data/MIGR_ACQS"
"ESTAT","EDUC_THEXP","Investments in education and training",1,"https://ec.europa.eu/eurostat/api/dissemination/sdmx/2.1/data/EDUC_THEXP"
"ESTAT","MIGR_EMI1CTZ","Emigration by age group, sex and citizenship",1,"https://ec.europa.eu/eurostat/api/dissemination/sdmx/2.1/data/MIGR_EMI1CTZ"
"ESTAT","MIGR_EMI2","Emigration by age and sex",1,"https://ec.europa.eu/eurostat/api/dissemination/sdmx/2.1/data/MIGR_EMI2"
"ESTAT","MIGR_EMI3NXT","Emigration by age group, sex and country of next usual residence",1,"https://ec.europa.eu/eurostat/api/dissemination/sdmx/2.1/data/MIGR_EMI3NXT"
"ESTAT","MIGR_EMI4CTB","Emigration by age group, sex and country of birth",1,"https://ec.europa.eu/eurostat/api/dissemination/sdmx/2.1/data/MIGR_EMI4CTB"
"ESTAT","MIGR_EMI5NXT","Emigration by group of country of next usual residence",1,"https://ec.europa.eu/eurostat/api/dissemination/sdmx/2.1/data/MIGR_EMI5NXT"
"ESTAT","MIGR_EMICTZNXT","Emigration by age group, sex, group of citizenship and group of country of next residence - ad hoc data collection (2015-2020)",1,"https://ec.europa.eu/eurostat/api/dissemination/sdmx/2.1/data/MIGR_EMICTZNXT"
"ESTAT","MIGR_IMM10CTB","Immigration by age group, sex and level of human development of the country of birth",1,"https://ec.europa.eu/eurostat/api/dissemination/sdmx/2.1/data/MIGR_IMM10CTB"
"ESTAT","MIGR_IMM11PRV","Immigration by age group, sex and level of human development of the country of previous residence",1,"https://ec.europa.eu/eurostat/api/dissemination/sdmx/2.1/data/MIGR_IMM11PRV"
"ESTAT","MIGR_IMM12PRV","Immigration by broad group of country of previous residence",1,"https://ec.europa.eu/eurostat/api/dissemination/sdmx/2.1/data/MIGR_IMM12PRV"
"ESTAT","EGI_TR1","Export to import ratio",1,"https://ec.europa.eu/eurostat/api/dissemination/sdmx/2.1/data/EGI_TR1"
"ESTAT","GOV_10DD_EDPT2","Transition from the working balance to the deficit/surplus",1,"https://ec.europa.eu/eurostat/api/dissemination/sdmx/2.1/data/GOV_10DD_EDPT2"
"ESTAT","GOV_10DD_EDPT3","Transition from the deficit/surplus to the change in debt",1,"https://ec.europa.eu/eurostat/api/dissemination/sdmx/2.1/data/GOV_10DD_EDPT3"
"ESTAT","GOV_10DD_GGD","General government debt",1,"https://ec.europa.eu/eurostat/api/dissemination/sdmx/2.1/data/GOV_10DD_GGD"
"ESTAT","GOV_10DD_GUAR","Guarantees (contingent liabilities)",1,"https://ec.europa.eu/eurostat/api/dissemination/sdmx/2.1/data/GOV_10DD_GUAR"
"ESTAT","GOV_10DD_LOGD","Local government debt",1,"https://ec.europa.eu/eurostat/api/dissemination/sdmx/2.1/data/GOV_10DD_LOGD"
"ESTAT","GOV_10DD_MGGD","Market value of general government gross debt",1,"https://ec.europa.eu/eurostat/api/dissemination/sdmx/2.1/data/GOV_10DD_MGGD"
"ESTAT","GOV_10DD_RMD","Average remaining maturity of general government gross debt",1,"https://ec.europa.eu/eurostat/api/dissemination/sdmx/2.1/data/GOV_10DD_RMD"
"ESTAT","GOV_10DD_SLGD","State government debt",1,"https://ec.europa.eu/eurostat/api/dissemination/sdmx/2.1/data/GOV_10DD_SLGD"
"ESTAT","GOV_10DD_SSFD","Social security funds debt",1,"https://ec.europa.eu/eurostat/api/dissemination/sdmx/2.1/data/GOV_10DD_SSFD"
"ESTAT","GOV_10Q_GGDEBT","Quarterly government debt",1,"https://ec.europa.eu/eurostat/api/dissemination/sdmx/2.1/data/GOV_10Q_GGDEBT"
"ESTAT","GOV_10Q_GGFA","Quarterly financial accounts for general government",1,"https://ec.europa.eu/eurostat/api/dissemination/sdmx/2.1/data/GOV_10Q_GGFA"
"ESTAT","TRAN_R_NET","Road, rail and navigable inland waterways networks by NUTS 2 regions",1,"https://ec.europa.eu/eurostat/api/dissemination/sdmx/2.1/data/TRAN_R_NET"
"ESTAT","GOV_10Q_GGNFA","Quarterly non-financial accounts for general government",1,"https://ec.europa.eu/eurostat/api/dissemination/sdmx/2.1/data/GOV_10Q_GGNFA"
"ESTAT","GOV_CL_GUAR","Government guarantees",1,"https://ec.europa.eu/eurostat/api/dissemination/sdmx/2.1/data/GOV_CL_GUAR"
"ESTAT","GOV_CL_LIAB","Liabilities of government controlled entities classified outside general government",1,"https://ec.europa.eu/eurostat/api/dissemination/sdmx/2.1/data/GOV_CL_LIAB"
"ESTAT","GOV_CL_NPL","Non-performing loans of government",1,"https://ec.europa.eu/eurostat/api/dissemination/sdmx/2.1/data/GOV_CL_NPL"
"ESTAT","GOV_CL_PPP","Liabilities related to private-public partnerships (PPPs) recorded off-balance sheet of government",1,"https://ec.europa.eu/eurostat/api/dissemination/sdmx/2.1/data/GOV_CL_PPP"
"ESTAT","ENPE_GOV_10DD","Government deficit/surplus and debt",1,"https://ec.europa.eu/eurostat/api/dissemination/sdmx/2.1/data/ENPE_GOV_10DD"
"ESTAT","ENPE_HLTH_EXP","Health care expenditure as a share of GDP",1,"https://ec.europa.eu/eurostat/api/dissemination/sdmx/2.1/data/ENPE_HLTH_EXP"
"ESTAT","ENPE_ILC_LI01","Relative poverty threshold after social transfers, income per month",1,"https://ec.europa.eu/eurostat/api/dissemination/sdmx/2.1/data/ENPE_ILC_LI01"
"ESTAT","ENPE_ILC_LI09","Proportion of persons at risk of relative poverty, before social transfers by sex",1,"https://ec.europa.eu/eurostat/api/dissemination/sdmx/2.1/data/ENPE_ILC_LI09"
"ESTAT","ENPE_IRT_LD","Loan and deposit one year interest rate",1,"https://ec.europa.eu/eurostat/api/dissemination/sdmx/2.1/data/ENPE_IRT_LD"
"ESTAT","ENPE_IRT_LT_GBY10","Government bond yields - 10 years' maturity",1,"https://ec.europa.eu/eurostat/api/dissemination/sdmx/2.1/data/ENPE_IRT_LT_GBY10"
"ESTAT","ENPE_IRT_ST","Money market interest rates",1,"https://ec.europa.eu/eurostat/api/dissemination/sdmx/2.1/data/ENPE_IRT_ST"
"ESTAT","ENPE_MON_RES","Money supply and official reserves",1,"https://ec.europa.eu/eurostat/api/dissemination/sdmx/2.1/data/ENPE_MON_RES"
"ESTAT","ENPE_NAMA_10_GDP_EA","Gross domestic product at market prices by expenditure",1,"https://ec.europa.eu/eurostat/api/dissemination/sdmx/2.1/data/ENPE_NAMA_10_GDP_EA"
"ESTAT","ENPE_RD_E_GERDFUND","Gross domestic expenditure on R&D (GERD)",1,"https://ec.europa.eu/eurostat/api/dissemination/sdmx/2.1/data/ENPE_RD_E_GERDFUND"
"ESTAT","ENPE_SPR_EXP","Social protection expenditure excluding administrative costs (including health expenditure) as a share of GDP",1,"https://ec.europa.eu/eurostat/api/dissemination/sdmx/2.1/data/ENPE_SPR_EXP"
"ESTAT","ENPS_EDUC_COMPYR","Number of compulsory schooling years",1,"https://ec.europa.eu/eurostat/api/dissemination/sdmx/2.1/data/ENPS_EDUC_COMPYR"
"ESTAT","ENPS_EDUC_FIGDP","Public expenditure on education",1,"https://ec.europa.eu/eurostat/api/dissemination/sdmx/2.1/data/ENPS_EDUC_FIGDP"
"ESTAT","ENPS_GOV_10DD","Government deficit/surplus and debt",1,"https://ec.europa.eu/eurostat/api/dissemination/sdmx/2.1/data/ENPS_GOV_10DD"
"ESTAT","ENV_AC_AEINT_R2","Air emissions intensities by NACE Rev. 2 activity",1,"https://ec.europa.eu/eurostat/api/dissemination/sdmx/2.1/data/ENV_AC_AEINT_R2"
"ESTAT","ENV_AC_CEPSGC","Intermediate consumption of environmental protection services by institutional sector and NACE Rev. 2 activity",1,"https://ec.europa.eu/eurostat/api/dissemination/sdmx/2.1/data/ENV_AC_CEPSGC"
"ESTAT","ENV_AC_CEPSGH","Final consumption expenditure on environmental protection services by institutional sector",1,"https://ec.europa.eu/eurostat/api/dissemination/sdmx/2.1/data/ENV_AC_CEPSGH"
"ESTAT","ENV_AC_EPIGG","Environmental protection investments of general government by environmental protection activity",1,"https://ec.europa.eu/eurostat/api/dissemination/sdmx/2.1/data/ENV_AC_EPIGG"
"ESTAT","ENV_AC_EPNEIS","National expenditure on environmental protection by institutional sector",1,"https://ec.europa.eu/eurostat/api/dissemination/sdmx/2.1/data/ENV_AC_EPNEIS"
"ESTAT","ENV_AC_EPTRF","Environmental protection transfers by environmental protection activity and institutional sector",1,"https://ec.europa.eu/eurostat/api/dissemination/sdmx/2.1/data/ENV_AC_EPTRF"
"ESTAT","ENV_AC_EXP1R2","Environmental protection expenditure - million euro and million units of national currency",1,"https://ec.europa.eu/eurostat/api/dissemination/sdmx/2.1/data/ENV_AC_EXP1R2"
"ESTAT","ENV_AC_EXP2","Environmental protection expenditure - euro per inhabitant and % of GDP",1,"https://ec.europa.eu/eurostat/api/dissemination/sdmx/2.1/data/ENV_AC_EXP2"
"ESTAT","ENV_AC_EXP3","Environmental protection expenditure - % of pollution prevention, % of gross fixed capital formation, % of output",1,"https://ec.europa.eu/eurostat/api/dissemination/sdmx/2.1/data/ENV_AC_EXP3"
"ESTAT","ENV_AC_PEPSGG","Production of environmental protection services of general government by economic characteristics",1,"https://ec.europa.eu/eurostat/api/dissemination/sdmx/2.1/data/ENV_AC_PEPSGG"
"ESTAT","ENV_AC_TAX","Environmental tax revenues",1,"https://ec.europa.eu/eurostat/api/dissemination/sdmx/2.1/data/ENV_AC_TAX"
"ESTAT","ENV_AC_TAXENER","Energy taxes by paying sector",1,"https://ec.europa.eu/eurostat/api/dissemination/sdmx/2.1/data/ENV_AC_TAXENER"
"ESTAT","ENV_AC_TAXIND2","Environmental taxes by economic activity (NACE Rev. 2)",1,"https://ec.europa.eu/eurostat/api/dissemination/sdmx/2.1/data/ENV_AC_TAXIND2"
"ESTAT","ENV_ESST_GG","Environmental subsidies and similar transfers from general government, by environmental activity, sector of recipient and ESA category of transfer",1,"https://ec.europa.eu/eurostat/api/dissemination/sdmx/2.1/data/ENV_ESST_GG"
"ESTAT","ENV_ESST_GGCP","Environmental subsidies and similar transfers from general government to corporations, by environmental activity, ESA category of transfer and NACE Rev. 2 activity of recipient",1,"https://ec.europa.eu/eurostat/api/dissemination/sdmx/2.1/data/ENV_ESST_GGCP"
"ESTAT","ENV_ESST_RW","Environmental subsidies and similar transfers from the Rest of the World to the domestic economy, by environmental activity and ESA category of transfer",1,"https://ec.europa.eu/eurostat/api/dissemination/sdmx/2.1/data/ENV_ESST_RW"
"ESTAT","ENV_WASPACR","Recycling rates of packaging waste for monitoring compliance with policy targets, by type of packaging",1,"https://ec.europa.eu/eurostat/api/dissemination/sdmx/2.1/data/ENV_WASPACR"
"ESTAT","RD_E_FUNDGERD","GERD by source of funds",1,"https://ec.europa.eu/eurostat/api/dissemination/sdmx/2.1/data/RD_E_FUNDGERD"
"ESTAT","RD_E_GERDACT","GERD by sector of performance and type of R&D",1,"https://ec.europa.eu/eurostat/api/dissemination/sdmx/2.1/data/RD_E_GERDACT"
"ESTAT","RD_E_GERDCOST","GERD by sector of performance and type of expenditure",1,"https://ec.europa.eu/eurostat/api/dissemination/sdmx/2.1/data/RD_E_GERDCOST"
"ESTAT","RD_E_GERDFUND","GERD by sector of performance and source of funds",1,"https://ec.europa.eu/eurostat/api/dissemination/sdmx/2.1/data/RD_E_GERDFUND"
"ESTAT","RD_E_GERDREG","GERD by sector of performance and NUTS 2 regions",1,"https://ec.europa.eu/eurostat/api/dissemination/sdmx/2.1/data/RD_E_GERDREG"
"ESTAT","RD_E_GERDSC","GERD by sector of performance and fields of R&D",1,"https://ec.europa.eu/eurostat/api/dissemination/sdmx/2.1/data/RD_E_GERDSC"
"ESTAT","RD_E_GERDSOBJ07","GERD by sector of performance and socioeconomic objectives (NABS 2007)",1,"https://ec.europa.eu/eurostat/api/dissemination/sdmx/2.1/data/RD_E_GERDSOBJ07"
"ESTAT","RD_E_GERDSOBJ92","GERD by sector of performance and socioeconomic objectives (NABS 1992) (1980-2007)",1,"https://ec.europa.eu/eurostat/api/dissemination/sdmx/2.1/data/RD_E_GERDSOBJ92"
"ESTAT","RD_E_GERDTOT","GERD by sector of performance",1,"https://ec.europa.eu/eurostat/api/dissemination/sdmx/2.1/data/RD_E_GERDTOT"
"ESTAT","GBA_FUNDMOD","GBARD by type of funding",1,"https://ec.europa.eu/eurostat/api/dissemination/sdmx/2.1/data/GBA_FUNDMOD"
"ESTAT","GBA_NABSFIN07","GBARD by socioeconomic objectives (NABS 2007)",1,"https://ec.europa.eu/eurostat/api/dissemination/sdmx/2.1/data/GBA_NABSFIN07"
"ESTAT","GBA_NABSFIN92","GBARD by socioeconomic objectives (NABS 1992) (1980-2007)",1,"https://ec.europa.eu/eurostat/api/dissemination/sdmx/2.1/data/GBA_NABSFIN92"
"ESTAT","GBA_NABSTE","Share of GBARD in total general government expenditure",1,"https://ec.europa.eu/eurostat/api/dissemination/sdmx/2.1/data/GBA_NABSTE"
"ESTAT","GBA_TNCOOR","National public funding to transnationally coordinated R&D",1,"https://ec.europa.eu/eurostat/api/dissemination/sdmx/2.1/data/GBA_TNCOOR"
"ESTAT","GOV_10A_EXP$DV_578","General government expenditure by function (COFOG)",1,"https://ec.europa.eu/eurostat/api/dissemination/sdmx/2.1/data/GOV_10A_EXP$DV_578"
"ESTAT","GOV_10A_EXP$DV_582","General government expenditure by function (COFOG)",1,"https://ec.europa.eu/eurostat/api/dissemination/sdmx/2.1/data/GOV_10A_EXP$DV_582"
"ESTAT","GOV_10A_EXP$DV_584","General government expenditure by function (COFOG)",1,"https://ec.europa.eu/eurostat/api/dissemination/sdmx/2.1/data/GOV_10A_EXP$DV_584"
"ESTAT","GOV_10A_GGFA","Annual financial accounts for general government",1,"https://ec.europa.eu/eurostat/api/dissemination/sdmx/2.1/data/GOV_10A_GGFA"
"ESTAT","GOV_10A_MAIN","Government revenue, expenditure and main aggregates",1,"https://ec.europa.eu/eurostat/api/dissemination/sdmx/2.1/data/GOV_10A_MAIN"
"ESTAT","GOV_10A_TAXAG","Main national accounts tax aggregates",1,"https://ec.europa.eu/eurostat/api/dissemination/sdmx/2.1/data/GOV_10A_TAXAG"
"ESTAT","GOV_10DD_ACD","Apparent cost of general government gross debt",1,"https://ec.europa.eu/eurostat/api/dissemination/sdmx/2.1/data/GOV_10DD_ACD"
"ESTAT","GOV_10DD_CGD","Central government debt",1,"https://ec.europa.eu/eurostat/api/dissemination/sdmx/2.1/data/GOV_10DD_CGD"
"ESTAT","GOV_10DD_DCUR","Debt by currency of issue",1,"https://ec.europa.eu/eurostat/api/dissemination/sdmx/2.1/data/GOV_10DD_DCUR"
"ESTAT","GOV_10DD_EDPT1","Government deficit/surplus, debt and associated data",1,"https://ec.europa.eu/eurostat/api/dissemination/sdmx/2.1/data/GOV_10DD_EDPT1"
"ESTAT","INN_CIS5_PUB","Public funding of innovation",1,"https://ec.europa.eu/eurostat/api/dissemination/sdmx/2.1/data/INN_CIS5_PUB"
"ESTAT","INN_CIS6_PUB","Public funding of innovation",1,"https://ec.europa.eu/eurostat/api/dissemination/sdmx/2.1/data/INN_CIS6_PUB"
"ESTAT","INN_CIS7_PUB","Public funding for innovation activities",1,"https://ec.europa.eu/eurostat/api/dissemination/sdmx/2.1/data/INN_CIS7_PUB"
"ESTAT","INN_CIS8_PROC","Public sector procurement and innovation in the enterprises by NACE Rev. 2 activity and size class",1,"https://ec.europa.eu/eurostat/api/dissemination/sdmx/2.1/data/INN_CIS8_PROC"
"ESTAT","INN_CIS9_PROC","Public sector procurement and innovation in the enterprises by NACE Rev. 2 activity and size class",1,"https://ec.europa.eu/eurostat/api/dissemination/sdmx/2.1/data/INN_CIS9_PROC"
"ESTAT","ISOC_BDEK_PS","Public services - individuals",1,"https://ec.europa.eu/eurostat/api/dissemination/sdmx/2.1/data/ISOC_BDEK_PS"
"ESTAT","ISOC_BDEK_PS$DV_504","Public services - individuals",1,"https://ec.europa.eu/eurostat/api/dissemination/sdmx/2.1/data/ISOC_BDEK_PS$DV_504"
"ESTAT","LFST_R_EDATD_16","Regional disparities in the rate of early leavers from education and training (NUTS level 2)",1,"https://ec.europa.eu/eurostat/api/dissemination/sdmx/2.1/data/LFST_R_EDATD_16"
"ESTAT","LFST_R_LFE2EEDU","Employment by sex, age, educational attainment level and NUTS 2 regions (1 000)",1,"https://ec.europa.eu/eurostat/api/dissemination/sdmx/2.1/data/LFST_R_LFE2EEDU"
"ESTAT","ISOC_CIEGI_AC","E-government activities of individuals via websites",1,"https://ec.europa.eu/eurostat/api/dissemination/sdmx/2.1/data/ISOC_CIEGI_AC"
"ESTAT","ISOC_CIEGI_AC$DV_515","E-government activities of individuals via websites",1,"https://ec.europa.eu/eurostat/api/dissemination/sdmx/2.1/data/ISOC_CIEGI_AC$DV_515"
"ESTAT","ISOC_CIEGI_OM","Other methods of contacting public authorities or services (2013)",1,"https://ec.europa.eu/eurostat/api/dissemination/sdmx/2.1/data/ISOC_CIEGI_OM"
"ESTAT","ISOC_CIEGI_PB","Problems experienced when using e-government websites (2013)",1,"https://ec.europa.eu/eurostat/api/dissemination/sdmx/2.1/data/ISOC_CIEGI_PB"
"ESTAT","ISOC_CIEGI_PB22","Problems experienced when using e-government websites (2022)",1,"https://ec.europa.eu/eurostat/api/dissemination/sdmx/2.1/data/ISOC_CIEGI_PB22"
"ESTAT","ISOC_CIEGI_RTX","Reasons for not submitting completed forms to public authorities' websites",1,"https://ec.europa.eu/eurostat/api/dissemination/sdmx/2.1/data/ISOC_CIEGI_RTX"
"ESTAT","ISOC_CIEGI_RTX$DV_516","Reasons for not submitting completed forms to public authorities' websites",1,"https://ec.europa.eu/eurostat/api/dissemination/sdmx/2.1/data/ISOC_CIEGI_RTX$DV_516"
"ESTAT","ISOC_CIEGI_SAT","User satisfaction about use of e-government websites (2013)",1,"https://ec.europa.eu/eurostat/api/dissemination/sdmx/2.1/data/ISOC_CIEGI_SAT"
"ESTAT","LFST_R_LFU2GAC","Unemployment by sex, age, country of birth and NUTS 2 regions",1,"https://ec.europa.eu/eurostat/api/dissemination/sdmx/2.1/data/LFST_R_LFU2GAC"
"ESTAT","LFST_R_LFU2GAN","Unemployment by sex, age, citizenship and NUTS 2 regions",1,"https://ec.europa.eu/eurostat/api/dissemination/sdmx/2.1/data/LFST_R_LFU2GAN"
"ESTAT","LFST_R_LFU2LTU","Long-term unemployment (12 months and more) by sex, age, educational attainment level and NUTS 2 regions (%)",1,"https://ec.europa.eu/eurostat/api/dissemination/sdmx/2.1/data/LFST_R_LFU2LTU"
"ESTAT","LFST_R_LFU3PERS","Unemployment by sex, age, educational attainment level and NUTS 2 regions (1 000)",1,"https://ec.europa.eu/eurostat/api/dissemination/sdmx/2.1/data/LFST_R_LFU3PERS"
"ESTAT","LFST_R_LFU3RT","Unemployment rates by sex, age, educational attainment level and NUTS 2 regions (%)",1,"https://ec.europa.eu/eurostat/api/dissemination/sdmx/2.1/data/LFST_R_LFU3RT"
"ESTAT","LFST_R_LFUR2GAC","Unemployment rates by sex, age, country of birth and NUTS 2 regions",1,"https://ec.europa.eu/eurostat/api/dissemination/sdmx/2.1/data/LFST_R_LFUR2GAC"
"ESTAT","LFST_R_LFUR2GAN","Unemployment rates by sex, age, citizenship and NUTS 2 regions",1,"https://ec.europa.eu/eurostat/api/dissemination/sdmx/2.1/data/LFST_R_LFUR2GAN"
"ESTAT","TESPM050_R","Impact of social transfers (excluding pensions) on poverty reduction by sex and NUTS 2 regions",1,"https://ec.europa.eu/eurostat/api/dissemination/sdmx/2.1/data/TESPM050_R"
"ESTAT","TGS00010","Unemployment rate by NUTS 2 regions",1,"https://ec.europa.eu/eurostat/api/dissemination/sdmx/2.1/data/TGS00010"
"ESTAT","TGS00053","Long-term unemployment rate (12 months and more) by NUTS 2 regions",1,"https://ec.europa.eu/eurostat/api/dissemination/sdmx/2.1/data/TGS00053"
"ESTAT","TGS00113","Rail network by NUTS 2 regions",1,"https://ec.europa.eu/eurostat/api/dissemination/sdmx/2.1/data/TGS00113"
"ESTAT","TGS00114","Motorways network by NUTS 2 regions",1,"https://ec.europa.eu/eurostat/api/dissemination/sdmx/2.1/data/TGS00114"
"ESTAT","LFSO_12AGEPENS","Age at which the person first received an old-age pension (years)",1,"https://ec.europa.eu/eurostat/api/dissemination/sdmx/2.1/data/LFSO_12AGEPENS"
"ESTAT","LFSO_12PENSION","Persons who receive a pension (thousand)",1,"https://ec.europa.eu/eurostat/api/dissemination/sdmx/2.1/data/LFSO_12PENSION"
"ESTAT","LFSO_12PENSTYP","Persons who receive a pension, by type of pension (%)",1,"https://ec.europa.eu/eurostat/api/dissemination/sdmx/2.1/data/LFSO_12PENSTYP"
